{
  "n_trials": 5,
  "timestamp": "2026-03-08T05:08:32.198471",
  "descriptive": {
    "acc_a_total_mean": 0.48200000000000004,
    "acc_b_total_mean": 0.648,
    "acc_a_second_mean": 0.484,
    "acc_b_second_mean": 0.6599999999999999,
    "diff_second_mean": 0.17600000000000002,
    "diff_second_std": 0.04098780306383838,
    "b_wins": 5
  },
  "test_total": {
    "t_stat": 8.67695899992266,
    "p_value": 0.0009708940728799831,
    "cohens_d": 3.880454032361131,
    "ci_95": [
      0.11289199292008786,
      0.21910800707991215
    ]
  },
  "test_second_half": {
    "t_stat": 9.601587170383663,
    "p_value": 0.0006576707374420737,
    "cohens_d": 4.293960320973545,
    "ci_95": [
      0.12511507948321035,
      0.22688492051678968
    ]
  },
  "hypothesis": {
    "supported": true,
    "p_value": 0.0006576707374420737,
    "mean_diff": 0.17600000000000002,
    "b_wins": "5/5"
  }
}